{
  "kango_version": "1.2.4 744e69cf4136", 
  "content_scripts": [
    "content.js"
  ], 
  "description": "Weave indieweb content into your twitter stream \u2014 expands truncated POSSE copies", 
  "creator": "IndieWebCamp", 
  "homepage_url": "http://indiewebcamp.com", 
  "version": "0.9.0", 
  "update_path_url": "http://waterpigs.co.uk/extensions/weave/", 
  "update_url": "http://waterpigs.co.uk/extensions/weave/update_chrome.xml", 
  "id": "cmpelcdomefnimidedgfhncdkelfggop", 
  "name": "Weave"
}